Workbook

Sheet Locations
A1: Node | B1: Node type | C1: Location name | D1: Address / locality | E1: Latitude (deg) | F1: Longitude (deg)
A2: Depot | B2: depot | C2: Sector 88 Fruit & Vegetable Mandi Cluster | D2: Sector 88, near fruit & vegetable mandi, Noida, Uttar Pradesh | E2: 28.531111 | F2: 77.425
A3: C1 | B3: customer | C3: Stellar Jeevan Retail Cluster | D3: Panchmukhi Chowk, Greater Noida West, Gautam Buddha Nagar, Uttar Pradesh | E3: 28.565432 | F3: 77.447957
A4: C2 | B4: customer | C4: Supertech Mart | D4: Service Road, Greater Noida West, Gautam Buddha Nagar, Uttar Pradesh | E4: 28.610201 | F4: 77.441602
A5: C3 | B5: customer | C5: PK Residency | D5: Hazipur, Noida, Gautam Buddha Nagar, Uttar Pradesh | E5: 28.536994 | F5: 77.365943
A6: C4 | B6: customer | C6: Delhi ENT Multispeciality Hospital | D6: District Centre, Jasola fringe, South East Delhi | E6: 28.539926 | F6: 77.292145
A7: C5 | B7: customer | C7: Avantika Hospital | D7: Vasundhara, Ghaziabad, Uttar Pradesh | E7: 28.645553 | F7: 77.371756
A8: C6 | B8: customer | C8: ANJULI Nursing Home | D8: Sector 78 fringe, Faridabad, Haryana | E8: 28.400031 | F8: 77.368855
A9: C7 | B9: customer | C9: Pacific Mall | D9: Vivek Vihar border, Delhi NCR | E9: 28.646306 | F9: 77.320255
A10: C8 | B10: customer | C10: Modi Mall | D10: Sector 10, Noida, Gautam Buddha Nagar, Uttar Pradesh | E10: 28.586298 | F10: 77.341161
A11: C9 | B11: customer | C11: Metro Multi Speciality Hospital | D11: Sector 16A fringe, Faridabad, Haryana | E11: 28.406521 | F11: 77.317923
A12: C10 | B12: customer | C12: Ashira Inn | D12: Knowledge Park III, Greater Noida, Gautam Buddha Nagar, Uttar Pradesh | E12: 28.476699 | F12: 77.476817
A13: C11 | B13: customer | C13: Sandal Hotel | D13: Bajidpur, Noida, Gautam Buddha Nagar, Uttar Pradesh | E13: 28.49556 | F13: 77.402621
... A26: S4 | B26: station | C26: Tata Power EV Charging Station, Pari Chowk | D26: Pari Chowk, Greater Noida, Gautam Buddha Nagar, Uttar Pradesh | E26: 28.468119 | F26: 77.506166

Sheet Customer Demand
A1: Customer | B1: Location name | C1: Product A demand (kg) | D1: Product B demand (kg) | E1: Total demand (kg)
A2: C1 | B2: Stellar Jeevan Retail Cluster | C2: 40 | D2: 30 | E2: =C2+D2 -> 70
A3: C2 | B3: Supertech Mart | C3: 52 | D3: 39 | E3: =C3+D3 -> 91
A4: C3 | B4: PK Residency | C4: 40 | D4: 30 | E4: =C4+D4 -> 70
A5: C4 | B5: Delhi ENT Multispeciality Hospital | C5: 48 | D5: 36 | E5: =C5+D5 -> 84
A6: C5 | B6: Avantika Hospital | C6: 48 | D6: 36 | E6: =C6+D6 -> 84
A7: C6 | B7: ANJULI Nursing Home | C7: 40 | D7: 30 | E7: =C7+D7 -> 70
A8: C7 | B8: Pacific Mall | C8: 52 | D8: 39 | E8: =C8+D8 -> 91
A9: C8 | B9: Modi Mall | C9: 52 | D9: 39 | E9: =C9+D9 -> 91
A10: C9 | B10: Metro Multi Speciality Hospital | C10: 48 | D10: 36 | E10: =C10+D10 -> 84
A11: C10 | B11: Ashira Inn | C11: 44 | D11: 31 | E11: =C11+D11 -> 75
A12: C11 | B12: Sandal Hotel | C12: 44 | D12: 31 | E12: =C12+D12 -> 75
A13: C12 | B13: Radisson Blu Greater Noida | C13: 40 | D13: 30 | E13: =C13+D13 -> 70
... A21: C20 | B21: Sakshi Medicare | C21: 40 | D21: 30 | E21: =C21+D21 -> 70

Sheet Road Arcs
A1: Origin model node | B1: Destination model node | C1: Distance (km) | D1: Travel duration (h) | E1: Route cost (distance units) | F1: Alpha_ij (kWh) | G1: Beta_ij (kWh/kg)
A2: Depot | B2: C6 | C2: 9.3566 | D2: 0.23522222 | E2: =C2 -> 9.3566 | F2: =C2*'Model Inputs'!$B$20 -> 0.654962 | G2: =C2*'Model Inputs'!$B$21 -> 0.001029226
A3: Depot | B3: C9 | C3: 13.9777 | D3: 0.323 | E3: =C3 -> 13.9777 | F3: =C3*'Model Inputs'!$B$20 -> 0.978439 | G3: =C3*'Model Inputs'!$B$21 -> 0.001537547
A4: Depot | B4: C10 | C4: 8.6515 | D4: 0.23280556 | E4: =C4 -> 8.6515 | F4: =C4*'Model Inputs'!$B$20 -> 0.605605 | G4: =C4*'Model Inputs'!$B$21 -> 0.000951665
A5: Depot | B5: C11 | C5: 17.1714 | D5: 0.36522222 | E5: =C5 -> 17.1714 | F5: =C5*'Model Inputs'!$B$20 -> 1.201998 | G5: =C5*'Model Inputs'!$B$21 -> 0.001888854
A6: Depot | B6: C12 | C6: 19.3632 | D6: 0.39477778 | E6: =C6 -> 19.3632 | F6: =C6*'Model Inputs'!$B$20 -> 1.355424 | G6: =C6*'Model Inputs'!$B$21 -> 0.002129952
A7: Depot | B7: C13 | C7: 35.3229 | D7: 0.62466667 | E7: =C7 -> 35.3229 | F7: =C7*'Model Inputs'!$B$20 -> 2.472603 | G7: =C7*'Model Inputs'!$B$21 -> 0.003885519
A8: Depot | B8: C14 | C8: 22.8992 | D8: 0.44766667 | E8: =C8 -> 22.8992 | F8: =C8*'Model Inputs'!$B$20 -> 1.602944 | G8: =C8*'Model Inputs'!$B$21 -> 0.002518912
A9: Depot | B9: C15 | C9: 14.5531 | D9: 0.32597222 | E9: =C9 -> 14.5531 | F9: =C9*'Model Inputs'!$B$20 -> 1.018717 | G9: =C9*'Model Inputs'!$B$21 -> 0.001600841
A10: Depot | B10: C16 | C10: 33.1052 | D10: 0.60411111 | E10: =C10 -> 33.1052 | F10: =C10*'Model Inputs'!$B$20 -> 2.317364 | G10: =C10*'Model Inputs'!$B$21 -> 0.003641572
A11: Depot | B11: C17 | C11: 14.1311 | D11: 0.3085 | E11: =C11 -> 14.1311 | F11: =C11*'Model Inputs'!$B$20 -> 0.989177 | G11: =C11*'Model Inputs'!$B$21 -> 0.001554421
A12: Depot | B12: C18 | C12: 8.4665 | D12: 0.24002778 | E12: =C12 -> 8.4665 | F12: =C12*'Model Inputs'!$B$20 -> 0.592655 | G12: =C12*'Model Inputs'!$B$21 -> 0.000931315
A13: Depot | B13: C19 | C13: 16.9076 | D13: 0.33555556 | E13: =C13 -> 16.9076 | F13: =C13*'Model Inputs'!$B$20 -> 1.183532 | G13: =C13*'Model Inputs'!$B$21 -> 0.001859836
... A601: S4 | B601: S3 | C601: 21.9747 | D601: 0.44811111 | E601: =C601 -> 21.9747 | F601: =C601*'Model Inputs'!$B$20 -> 1.538229 | G601: =C601*'Model Inputs'!$B$21 -> 0.002417217

Sheet Model Inputs
A1: Parameter | B1: Value | C1: Unit | D1: Definition / source note
A2: Base demand scale | B2: 1 | C2: Multiplier | D2: Baseline parameter in build_real_case_data()
A3: Candidate fleet size | B3: 7 | C3: vehicles | D3: Baseline parameter in build_real_case_data()
A4: Number of customers | B4: 20 | C4: customers | D4: Selected customer IDs in build_real_case_data()
A5: Number of charging stations | B5: 4 | C5: stations | D5: Station locations in the case data
A6: Number of products | B6: 2 | C6: products | D6: Product IDs A and B
A7: Compartments per vehicle | B7: 2 | C7: compartments | D7: Compartment IDs L1 and L2
A8: Battery capacity per vehicle | B8: 14.4 | C8: kWh | D8: Baseline case input; not a manufacturer-verified specification
A9: Minimum reserve state of charge | B9: 1.8 | C9: kWh | D9: safety_soc in build_real_case_data()
A10: Vehicle payload capacity | B10: 750 | C10: kg | D10: vehicle_capacity in build_real_case_data()
A11: Compartment capacity | B11: 375 | C11: kg per compartment | D11: compartment_capacity in build_real_case_data()
A12: Fixed cost per used vehicle | B12: 55 | C12: objective units / vehicle | D12: fixed_cost; monetary calibration not documented
A13: Charging-time objective weight | B13: 1 | C13: objective units / hour | D13: charge_time_weight baseline
... A22: Big-M parameter | B22: 100000 | C22: model units | D22: big_m in build_real_case_data()
A25: Charging station parameters
A26: Station ID | B26: Charging price coefficient (objective units / kWh) | C26: Full-charge time (h)
A27: S1 | B27: 0.6 | C27: 6.5
A28: S2 | B28: 0.55 | C28: 6.2
A29: S3 | B29: 0.58 | C29: 6.4
A30: S4 | B30: 0.59 | C30: 6.3
A33: Candidate vehicle fleet
A34: Vehicle ID | B34: Battery capacity (kWh) | C34: Reserve SOC (kWh) | D34: Payload capacity (kg) | E34: L1 capacity (kg) | F34: L2 capacity (kg) | G34: Fixed cost (objective units)
A35: V1 | B35: 14.4 | C35: 1.8 | D35: 750 | E35: 375 | F35: 375 | G35: 55
A36: V2 | B36: 14.4 | C36: 1.8 | D36: 750 | E36: 375 | F36: 375 | G36: 55
A37: V3 | B37: 14.4 | C37: 1.8 | D37: 750 | E37: 375 | F37: 375 | G37: 55
A38: V4 | B38: 14.4 | C38: 1.8 | D38: 750 | E38: 375 | F38: 375 | G38: 55
A39: V5 | B39: 14.4 | C39: 1.8 | D39: 750 | E39: 375 | F39: 375 | G39: 55
A40: V6 | B40: 14.4 | C40: 1.8 | D40: 750 | E40: 375 | F40: 375 | G40: 55
A41: V7 | B41: 14.4 | C41: 1.8 | D41: 750 | E41: 375 | F41: 375 | G41: 55
A44: Compartment capacity and product compatibility
A45: Compartment ID | B45: Capacity (kg) | C45: Product A compatible (1=yes) | D45: Product B compatible (1=yes)
A46: L1 | B46: 375 | C46: 1 | D46: 1
A47: L2 | B47: 375 | C47: 1 | D47: 1

Sheet Charging Curve
A1: Station ID | B1: Breakpoint ID | C1: SOC fraction | D1: Energy at breakpoint (kWh) | E1: Full-charge time (h) | F1: Cumulative charge time gamma (h)
A2: S1 | B2: B0 | C2: 0 | D2: =C2*'Model Inputs'!$B$8 -> 0 | E2: ='Model Inputs'!$C$27 -> 6.5 | F2: =E2*(0.45*C2+0.55*C2*C2) -> 0
A3: S1 | B3: B1 | C3: 0.4 | D3: =C3*'Model Inputs'!$B$8 -> 5.76 | E3: ='Model Inputs'!$C$27 -> 6.5 | F3: =E3*(0.45*C3+0.55*C3*C3) -> 1.742
A4: S1 | B4: B2 | C4: 0.8 | D4: =C4*'Model Inputs'!$B$8 -> 11.52 | E4: ='Model Inputs'!$C$27 -> 6.5 | F4: =E4*(0.45*C4+0.55*C4*C4) -> 4.628
A5: S1 | B5: B3 | C5: 1 | D5: =C5*'Model Inputs'!$B$8 -> 14.4 | E5: ='Model Inputs'!$C$27 -> 6.5 | F5: =E5*(0.45*C5+0.55*C5*C5) -> 6.5
A6: S2 | B6: B0 | C6: 0 | D6: =C6*'Model Inputs'!$B$8 -> 0 | E6: ='Model Inputs'!$C$28 -> 6.2 | F6: =E6*(0.45*C6+0.55*C6*C6) -> 0
A7: S2 | B7: B1 | C7: 0.4 | D7: =C7*'Model Inputs'!$B$8 -> 5.76 | E7: ='Model Inputs'!$C$28 -> 6.2 | F7: =E7*(0.45*C7+0.55*C7*C7) -> 1.6616
A8: S2 | B8: B2 | C8: 0.8 | D8: =C8*'Model Inputs'!$B$8 -> 11.52 | E8: ='Model Inputs'!$C$28 -> 6.2 | F8: =E8*(0.45*C8+0.55*C8*C8) -> 4.4144
A9: S2 | B9: B3 | C9: 1 | D9: =C9*'Model Inputs'!$B$8 -> 14.4 | E9: ='Model Inputs'!$C$28 -> 6.2 | F9: =E9*(0.45*C9+0.55*C9*C9) -> 6.2
A10: S3 | B10: B0 | C10: 0 | D10: =C10*'Model Inputs'!$B$8 -> 0 | E10: ='Model Inputs'!$C$29 -> 6.4 | F10: =E10*(0.45*C10+0.55*C10*C10) -> 0
A11: S3 | B11: B1 | C11: 0.4 | D11: =C11*'Model Inputs'!$B$8 -> 5.76 | E11: ='Model Inputs'!$C$29 -> 6.4 | F11: =E11*(0.45*C11+0.55*C11*C11) -> 1.7152
A12: S3 | B12: B2 | C12: 0.8 | D12: =C12*'Model Inputs'!$B$8 -> 11.52 | E12: ='Model Inputs'!$C$29 -> 6.4 | F12: =E12*(0.45*C12+0.55*C12*C12) -> 4.5568
A13: S3 | B13: B3 | C13: 1 | D13: =C13*'Model Inputs'!$B$8 -> 14.4 | E13: ='Model Inputs'!$C$29 -> 6.4 | F13: =E13*(0.45*C13+0.55*C13*C13) -> 6.4
A14: S4 | B14: B0 | C14: 0 | D14: =C14*'Model Inputs'!$B$8 -> 0 | E14: ='Model Inputs'!$C$30 -> 6.3 | F14: =E14*(0.45*C14+0.55*C14*C14) -> 0
A15: S4 | B15: B1 | C15: 0.4 | D15: =C15*'Model Inputs'!$B$8 -> 5.76 | E15: ='Model Inputs'!$C$30 -> 6.3 | F15: =E15*(0.45*C15+0.55*C15*C15) -> 1.6884
A16: S4 | B16: B2 | C16: 0.8 | D16: =C16*'Model Inputs'!$B$8 -> 11.52 | E16: ='Model Inputs'!$C$30 -> 6.3 | F16: =E16*(0.45*C16+0.55*C16*C16) -> 4.4856
A17: S4 | B17: B3 | C17: 1 | D17: =C17*'Model Inputs'!$B$8 -> 14.4 | E17: ='Model Inputs'!$C$30 -> 6.3 | F17: =E17*(0.45*C17+0.55*C17*C17) -> 6.3

Sheet Sensitivity Results
A1: Parameter | B1: Level | C1: Level unit | D1: Mean cost (objective units) | E1: Population SD cost | F1: Mean runtime (s) | G1: Mean vehicles used | H1: Runs per level | I1: Iterations per run
A2: Battery capacity | B2: 12 | C2: kWh | D2: 506.494 | E2: 48.7 | F2: 10.135 | G2: 3.5 | H2: 10 | I2: 180
A3: Battery capacity | B3: 14.4 | C3: kWh | D3: 479.919 | E3: 15.162 | F3: 7.993 | G3: 3.3 | H3: 10 | I3: 180
A4: Battery capacity | B4: 16.8 | C4: kWh | D4: 448.187 | E4: 12.937 | F4: 6.254 | G4: 3 | H4: 10 | I4: 180
A5: Charging-time objective weight | B5: 0.7 | C5: objective units / hour | D5: 474.753 | E5: 24.078 | F5: 6.819 | G5: 3.3 | H5: 10 | I5: 180
A6: Charging-time objective weight | B6: 1 | C6: objective units / hour | D6: 479.919 | E6: 15.162 | F6: 10.348 | G6: 3.3 | H6: 10 | I6: 180
A7: Charging-time objective weight | B7: 1.3 | C7: objective units / hour | D7: 480.834 | E7: 14.347 | F7: 8.636 | G7: 3.3 | H7: 10 | I7: 180
A8: Demand scale | B8: 0.9 | C8: multiplier | D8: 459.045 | E8: 23.051 | F8: 7.175 | G8: 3.2 | H8: 10 | I8: 180
A9: Demand scale | B9: 1 | C9: multiplier | D9: 479.919 | E9: 15.162 | F9: 7.844 | G9: 3.3 | H9: 10 | I9: 180
A10: Demand scale | B10: 1.1 | C10: multiplier | D10: 469.058 | E10: 23.53 | F10: 9.217 | G10: 3.1 | H10: 10 | I10: 180
A11: Fleet size | B11: 6 | C11: vehicles | D11: 486.595 | E11: 39.498 | F11: 8.193 | G11: 3.4 | H11: 10 | I11: 180
A12: Fleet size | B12: 7 | C12: vehicles | D12: 479.919 | E12: 15.162 | F12: 7.492 | G12: 3.3 | H12: 10 | I12: 180
A13: Fleet size | B13: 8 | C13: vehicles | D13: 481.233 | E13: 34.465 | F13: 8.021 | G13: 3.2 | H13: 10 | I13: 180
